Subject,Nama File,Judul Halaman,Kategori Layanan,Target Audience,Masalah Utama,Highlight Solusi,Pesan WhatsApp,Status,Error
Eksim - Penanganan eksim dan dermatitis atopik dengan terapi komprehensif,eksim.html,Eksim - Penanganan Eksim dan Dermatitis Atopik - Klinik Utama Pandawa Jakarta,Dermatologi,"Individu yang menderita eksim atau dermatitis atopik, mengalami gejala seperti gatal, kulit kering, ruam, serta dampak emosional dan sosial akibat kondisi kulit mereka.",Gatal Tak Tertahankan; Kulit Kering dan Bersisik; Ruam Merah dan Peradangan; Dampak Emosional dan Sosial,Pendekatan Personal & Terapi Inovatif; Terapi Komprehensif yang Disesuaikan; Tim Dokter Spesialis Berpengalaman; Pendekatan Empati & Zero Judgment Zone; Teknologi Medis Terkini; Rencana Perawatan Personal,"Halo Klinik Pandawa, saya ingin berkonsultasi mengenai penanganan eksim dan dermatitis atopik.",Success,
Vitiligo - Pengobatan vitiligo dan gangguan pigmentasi dengan terapi repigmentasi,vitiligo.html,Vitiligo - Pengobatan Vitiligo dan Gangguan Pigmentasi dengan Terapi Repigmentasi,Dermatologi,"Pasien dengan vitiligo yang mencari solusi pengobatan efektif dan aman, serta dukungan emosional dalam lingkungan bebas stigma.",Bercak putih yang terus menyebar; Kepercayaan diri yang memudar; Stres dan kecemasan; Ketidakpastian pengobatan.,Terapi repigmentasi komprehensif; Teknologi medis terkini; Perawatan dermatologis ahli; Stimulasi sel melanosit; Hasil permanen dan memuaskan.,"Halo Klinik Pandawa, saya ingin konsultasi tentang pengobatan vitiligo dan terapi repigmentasi. Mohon informasi lebih lanjut.",Success,
Dermatitis - Penanganan berbagai jenis dermatitis dengan perawatan anti-inflamasi,dermatitis.html,Layanan Dermatitis: Solusi Komprehensif untuk Kulit Sehat Anda,Dermatologi,"Pasien yang mengalami masalah kulit seperti gatal, ruam, kulit kering, dan peradangan akibat dermatitis, serta mencari solusi penanganan yang efektif dan komprehensif.","Gatal tak tertahankan, kulit kering dan bersisik, peradangan dan kemerahan, dampak pada kepercayaan diri.","Pendekatan personal untuk setiap jenis dermatitis, terapi anti-inflamasi inovatif, edukasi dan pencegahan, kontrol dan evaluasi rutin.","Halo Klinik Pandawa, saya ingin konsultasi mengenai Dermatitis. Bisakah Anda membantu?",Success,
Sifilis - Diagnosis dan pengobatan sifilis (raja singa) dengan terapi antibiotik,sifilis-diagnosis-pengobatan.html,Sifilis - Diagnosis dan Pengobatan - Klinik Utama Pandawa Jakarta,Veneraologi,"Individu yang mengalami gejala sifilis, membutuhkan diagnosis akurat, pengobatan, dan dukungan tanpa penghakiman.",Kecemasan Akibat Gejala yang Tidak Jelas; Stigma dan Ketakutan Akan Penghakiman; Keterlambatan Diagnosis dan Komplikasi Serius; Dampak Emosional dan Psikologis,Diagnosis Akurat dengan Teknologi Terkini; Terapi Antibiotik Standar Emas yang Efektif; Pendekatan Holistik dan Dukungan Penuh,"Halo Klinik Pandawa, saya ingin berkonsultasi mengenai diagnosis dan pengobatan sifilis.",Success,
Gonore - Penanganan gonore (kencing nanah) dengan antibiotik tepat sasaran,gonore.html,Gonore (Kencing Nanah): Penanganan dengan Antibiotik Tepat Sasaran - Klinik Utama Pandawa Jakarta,Veneraologi,"Individu yang mengalami gejala gonore atau memiliki kekhawatiran terkait infeksi menular seksual, mencari penanganan yang efektif, rahasia, dan tanpa penghakiman.",Gejala yang mengganggu dan memalukan; Ketakutan akan stigma sosial; Risiko komplikasi serius; Kurangnya informasi akurat dan terpercaya.,Pendekatan Medis Berbasis Bukti dan Terkini; Tim Dokter Spesialis Berpengalaman dan Empati; Lingkungan 'Zero Judgment Zone' dan Privasi Terjamin; Layanan Komprehensif dan Terintegrasi; Fasilitas Nyaman dan Akses Mudah.,"Halo Klinik Pandawa, saya ingin bertanya tentang penanganan gonore setelah membaca informasi di website Anda.",Success,
Herpes Kelamin - Pengobatan herpes genital dengan terapi antiviral,herpes-kelamin.html,Herpes Kelamin - Pengobatan dengan Terapi Antiviral,Venerologi,"Individu yang terinfeksi Herpes Kelamin dan mencari pengobatan yang efektif, empati, serta tanpa penghakiman.","Luka dan nyeri berulang, dampak psikologis dan stigma, risiko penularan, kesalahpahaman dan mitos.","Mengurangi frekuensi dan keparahan wabah, mempercepat penyembuhan luka, menurunkan risiko penularan, meningkatkan kualitas hidup.","Halo Klinik Pandawa, saya ingin berkonsultasi mengenai Herpes Kelamin dan pengobatannya.",Success,
Infeksi Saluran Kemih - Penanganan ISK dengan antibiotik spesifik,infeksi-saluran-kemih.html,Infeksi Saluran Kemih - Penanganan ISK dengan Antibiotik Spesifik,Veneraologi,"Pasien dengan gejala Infeksi Saluran Kemih (ISK) yang mencari penanganan medis yang efektif, komprehensif, dan tanpa penghakiman.","Nyeri dan sensasi terbakar saat buang air kecil; Frekuensi buang air kecil meningkat dan mendesak; Urine keruh, berbau menyengat, atau berdarah; Demam, menggigil, dan rasa lelah.",Diagnosis akurat dengan pemeriksaan urine; Pemilihan antibiotik spesifik yang tepat; Edukasi komprehensif dan konseling; Pemantauan dan tindak lanjut berkelanjutan.,"Halo Klinik Pandawa, saya ingin bertanya tentang penanganan ISK dengan antibiotik spesifik.",Success,
Trikomoniasis - Pengobatan trikomoniasis dengan terapi antiprotozoal,trikomoniasis.html,Mengatasi Trikomoniasis: Solusi Efektif untuk Kesehatan Optimal Anda,Veneraologi,"Pasien dengan gejala trikomoniasis yang mencari penanganan profesional, rahasia, dan empatik.",Keputihan Abnormal dan Bau Tidak Sedap; Gatal dan Nyeri pada Area Genital; Nyeri Saat Buang Air Kecil atau Berhubungan Seksual; Risiko Komplikasi Jangka Panjang,Terapi Antiprotozoal Terkini; Pendekatan Holistik; Privasi dan Kerahasiaan Terjamin; Tim Medis Berpengalaman,"Halo Klinik Pandawa, saya ingin bertanya lebih lanjut mengenai pengobatan Trikomoniasis. Apakah saya bisa mendapatkan konsultasi?",Success,
Kutil Kelamin - Penanganan kondiloma akuminata dengan terapi laser,kutil-kelamin.html,Kutil Kelamin - Penanganan Kondiloma Akuminata dengan Terapi Laser,Veneraologi,"Pasien yang mengalami kutil kelamin dan mencari penanganan medis yang efektif, aman, dan tanpa stigma, dengan fokus pada privasi dan kenyamanan.",Stigma dan kecemasan sosial; Dampak pada hubungan intim dan kualitas hidup; Kebutuhan akan penanganan yang efektif dan aman; Pencarian lingkungan medis yang mendukung.,Terapi laser presisi tinggi; Efektivitas optimal; Penyembuhan cepat; Minim nyeri dan pendarahan; Risiko kekambuhan rendah; Pendekatan holistik dan empati.,"Halo Klinik Pandawa, saya ingin berkonsultasi mengenai penanganan kutil kelamin dengan terapi laser.",Success,
Dermatitis Kontak - Penanganan dermatitis kontak dengan identifikasi alergen,dermatitis-kontak.html,Dermatitis Kontak - Penanganan Komprehensif dengan Identifikasi Alergen,Dermatologi,"Individu dari segala usia yang mengalami gejala dermatitis kontak (gatal, ruam, iritasi) dan mencari diagnosis akurat serta penanganan komprehensif","Gatal tak tertahankan, ruam merah dan bengkak, kulit kering dan pecah-pecah, dampak psikologis","Diagnosis akurat dengan patch test, terapi individual, edukasi pencegahan, pendekatan holistik dengan Zero Judgment Zone","Halo Klinik Utama Pandawa, saya ingin menjadwalkan konsultasi mengenai dermatitis kontak. Bisakah saya mendapatkan informasi lebih lanjut?",Success,
